[
    {
        "Id": "SAP-Casio Watch",
        "Maker": "@SAP",
        "img": "https://m.media-amazon.com/images/I/81io8OejSiL._AC_SX679_.jpg",
        "Url": "https://www.amazon.ca/Bulova-98B301-Marine-Star-Watch/dp/B0713STW5H/ref=asc_df_B0713STW5H/?tag=googleshopc0c-20&linkCode=df0&hvadid=292997127069&hvpos=&hvnetw=g&hvrand=6243517424323375928&hvpone=&hvptwo=&hvqmt=&hvdev=c&hvdvcmdl=&hvlocint=&hvlocphy=9000897&hvtargid=pla-468829749351&psc=1&mcid=e08334b92e5c3b7a8db8d2c6e580a78b",
        "Title": "Bulova Men's Watch: Quartz Movement",
        "Description": "Live and play in maritime watches that feature bold accents, iconic patterns and innovative materials inspired by the sea. Water resistance at a minimum of 100 meters.",
        "Ratings": 5
    },

    {
        "Id": "SAP-Tissot Watch",
        "Maker": "@SAP",
        "img": "https://m.media-amazon.com/images/I/81woYy5YCfL._AC_SX679_.jpg",
        "Url": "https://www.amazon.ca/Tissot-Dress-Watch-Model-T1374101104100/dp/B08TB1MF6F/ref=asc_df_B08TB1MF6F/?tag=googleshopc0c-20&linkCode=df0&hvadid=335224388084&hvpos=&hvnetw=g&hvrand=6243517424323375928&hvpone=&hvptwo=&hvqmt=&hvdev=c&hvdvcmdl=&hvlocint=&hvlocphy=9000897&hvtargid=pla-1183942059062&psc=1&mcid=99af8c9ab08b3878b045bfabbf3a293f",
        "Title": "Tissot Mens PRX QTZ Blue",
        "Description": "The watches, sold in more than 160 countries, are authentic, accessible and use special materials, advanced functionalities and meticulous design. Tissot stands by its signature, Innovators by Tradition. The high caliber of the brand has been repeatedly recognized.",
        "Ratings": null
    },
    {
        "Id": "SAP-Casio Men's Watch",
        "Maker": "@SAP",
        "img": "https://m.media-amazon.com/images/I/51WRu-z+VVL._AC_SX679_.jpg",
        "Url": "https://www.amazon.ca/Casio-A158W-1-Classic-Stainless-Bracelet/dp/B000GAYQJ0/ref=asc_df_B000GAYQJ0/?tag=googleshopc0c-20&linkCode=df0&hvadid=292948110623&hvpos=&hvnetw=g&hvrand=9550863266598912499&hvpone=&hvptwo=&hvqmt=&hvdev=c&hvdvcmdl=&hvlocint=&hvlocphy=9000902&hvtargid=pla-318320042826&psc=1&mcid=c570d66f245833849231aeab30ae154d",
        "Title": "Casio Men's A158W-1 Classic Digital Stainless Steel Bracelet Watch, Silver",
        "Description": "Luminous rectangular dial with alarm and stopwatch 33 mm case Quartz movement with digital display Three-link bracelet with fold-over clasp closure. LED light Water resistant. Withstands splashes or brief immersion in water, but not suitable for swimming.",
        "Ratings": null
    },
    {
        "Id": "SAP-Google Fitbit",
        "Maker": "@SAP",
        "img": "https://www.fitbit.com/global/content/dam/fitbit/global/pdp/devices/luxe/device-360/black/prod0.png",
        "Url": "https://www.fitbit.com/global/en-ca/products/trackers/luxe?gad_source=1&gclid=Cj0KCQjwzZmwBhD8ARIsAH4v1gWK-Zb5oltHsUstPhkvWxJdebIFbUX2UM5PajEqB6CjG4y64_8cz5waAoJ6EALw_wcB&gclsrc=aw.ds",
        "Title": "Google Fitbit- Luxe",
        "Description": "Shine a light on your mind, body & health with a wellness tracker that doubles as jewelry. With all the essentials, you'll be unstoppable.",
        "Ratings": null
    },
    {
        "Id": "SAP-Fossil",
        "Maker": "@SAP",
        "img": "https://fossil.scene7.com/is/image/FossilPartners/BQ2853_main?$sfcc_fos_hi-res$",
        "Url": "https://www.fossil.com/en-ca/products/sullivan-multifunction-stainless-steel-watch/BQ2853.html?utm_source=google&utm_medium=cpc&utm_campaign=G_CA_Fossil_PMAX_Watches&utm_content=&utm_term=&gad_source=1&gclid=Cj0KCQjwzZmwBhD8ARIsAH4v1gXC-HUgHwfaEaYn2WtPHv4Jr4N6ceoicoXc7S2RMTjQlWtTA9J8JkEaAv-DEALw_wcB&gclsrc=aw.ds",
        "Title": "Sullivan Multifunction Stainless Steel Watch",
        "Description": " Product Details Sku: BQ2853 Case Size: 44 mm Movement: Multifunction Platform: SULLIVAN Strap Material: Stainless Steel Strap Colour: Silver Case Water Resistance: 5 ATM Case Material: Stainless Steel",
        "Ratings": null
    },
    {
        "Id": "SAP-Quartz Casino Wristwatch",
        "Maker": "@SAP",
        "img": "https://i.ebayimg.com/images/g/IZwAAOSwW51klDKY/s-l1600.jpg",
        "Url": "https://www.ebay.ca/itm/364315710314",
        "Title": "Roulette Rotary Watch Mens Watches",
        "Description": "Condition New with tags: A brand-new, unused, and unworn item (including handmade items) in the original. Read moreabout the condition Brand Rotary Department Men Type Wristwatch Movement Quartz Strap Colour Black, Blue, Green Style Luxury Display Analogue",
        "Ratings": null
    },
    {
        "Id": "SAP-Minimalist Wrist Watch",
        "Maker": "@SAP",
        "img": "https://m.media-amazon.com/images/I/7121lR-otMS._AC_SX679_.jpg",
        "Url": "https://www.amazon.ca/BUREI-Fashion-Minimalist-Analog-Milanese/dp/B06ZYXZNXY/ref=asc_df_B06ZYXZNXY/?tag=googleshopc0c-20&linkCode=df0&hvadid=292964457964&hvpos=&hvnetw=g&hvrand=5209214742877135282&hvpone=&hvptwo=&hvqmt=&hvdev=c&hvdvcmdl=&hvlocint=&hvlocphy=9000897&hvtargid=pla-405706484344&psc=1&mcid=911f6cc5f15e3eeebc6ab53e5691e76f",
        "Title": "BUREI Men's Fashion, Analog Date with Stainless Steel Mesh Band",
        "Description": "BUREI mens watch advocate simple and stylish design concepts because in many cases simple things are more sleek and can withstand the consideration of time. This round dial mens watch crafted with ultra thin simplicity design, fashionable and versatile, can easily match any of your clothes and suitable for various occasions.",
        "Ratings": null
    },
    {
        "Id": "SAP-TAG HEUER FORMULA 1",
        "Maker": "@SAP",
        "img": "https://www.tagheuer.com/on/demandware.static/-/Sites-tagheuer-master/default/dwd88809b7/TAG_Heuer_Formula_1/WAZ1010.BA0842/WAZ1010.BA0842_1000.png?impolicy=resizeTrim&width=884&height=1106",
        "Url": "https://www.tagheuer.com/ca/en/timepieces/collections/tag-heuer-formula-1/43-mm-quartz/WAZ1010.BA0842.html?gad_source=1&gclid=Cj0KCQjwzZmwBhD8ARIsAH4v1gX-NsYbhkq5_HqXZGlAw4CWPDLXj5oT41loN7AL_XEXpVjoz2KSg4UaAm19EALw_wcB&gclsrc=aw.ds",
        "Title": "HEUER FORMULA 1",
        "Description": "Size 43 mm  Thickness 11.65 mm  Lugs Distance 21.5 mm  Water resistance 200 m  Case Steel Fine-Brushed/Polished  Bezel Turning Bezel Steel  Crown Screw-down Steel  Case back Plain - Steel.",
        "Ratings": null
    },
    {
        "Id": "SAP-ROLEX Watch",
        "Maker": "@SAP",
        "img": "https://product-images.therealreal.com/RLX40949_1_enlarged.jpg?width=1500",
        "Url": "https://www.therealreal.com/products/watches/bracelet/rolex-datejust-watch-kfu8s?sid=pxogmz&utm_source=google&utm_medium=shopping&utm_campaign=shopping_ca&gad_source=1&gclid=Cj0KCQjw8J6wBhDXARIsAPo7QA-GLB4Mw9mUvUHEbcibXObSq57Hyd76d1H2VvsrRjYJs0zNsEDDyrwaAoc5EALw_wcB",
        "Title": "EDITORS' PICK ROLEX",
        "Description": "Oyster Perpetual Collection 31mm Case Dimension 18K Yellow Gold Featuring Automatic Movement with Date Complication Diamond Bezel Precious Stone Dial President Bracelet with Deployant Clasp Includes Manufacturer's Box",
        "Ratings": null
    }
]