[
    {
        "id": 1,
        "first_name": "Mohmed Sameer",
        "last_name": "Patel",
        "age": 20,
        "image": "https://images.unsplash.com/photo-1494976388531-d1058494cdd8?q=80&w=2070&auto=format&fit=crop&ixlib=rb-4.0.3&ixid=M3wxMjA3fDB8MHxwaG90by1wYWdlfHx8fGVufDB8fHx8fA%3D%3D"
    },
    {
        "id": 2,
        "first_name": "Ansh",
        "last_name": "Singla",
        "age": 21,
        "image": "https://randomuser.me/api/portraits/men/74.jpg"
    },
    {
        "id": 3,
        "first_name": "Purav",
        "last_name": "Sidhu",
        "age": 21,
        "image": "https://randomuser.me/api/portraits/men/74.jpg"
    }
]
